<?xml version="1.0" encoding="iso-8859-1" ?>
<!DOCTYPE head SYSTEM "heads.dtd">

<head number="505" name="Misjudgment" origNum="#481." class="4" section="5" subSection="1" headGroup="1">
	<pos number="1" type="N.">
		<paragraph number="1" name="misjudgment">
			<sg number="1">
				<word number="1">misjudgment</word>
				<word number="2">obliquity of judgment</word>
			</sg>
			<sg number="2">
				<word number="1">miscalculation</word>
				<word number="2">miscomputation</word>
				<word number="3" paraRef="error" headRef="519">misconception</word>
			</sg>
			<sg number="3">
				<word number="1">hasty conclusion</word>
			</sg>
		</paragraph>
		<paragraph number="2" name="[causes of misjudgment">
			<sg number="1">
				<word number="1">prejudgment</word>
				<word number="2">prejudication</word>
				<word number="3">prejudice</word>
			</sg>
			<sg number="2">
				<word number="1">foregone conclusion</word>
			</sg>
			<sg number="3">
				<word number="1">prenotion</word>
				<word number="2">prevention</word>
				<word number="3">preconception</word>
				<word number="4">predilection</word>
				<word number="5">prepossession</word>
				<word number="6">preapprehension</word>
				<word number="7">presumption</word>
				<word number="8">assumption</word>
				<word number="9">presentiment</word>
			</sg>
			<sg number="4">
				<word number="1">fixed idea</word>
				<word number="2">preconceived idea</word>
			</sg>
			<sg number="5">
				<word number="1">id�e fixe</word>
			</sg>
			<sg number="6">
				<word number="1">mentis gratissimus error</word>
			</sg>
			<sg number="7">
				<word number="1">fool's paradise</word>
			</sg>
		</paragraph>
		<paragraph number="3" name="[causes of misjudgment">
			<sg number="1">
				<word number="1">esprit de corps</word>
				<word number="2">party spirit</word>
				<word number="3">partisanship</word>
				<word number="4">clannishness</word>
				<word number="5">prestige</word>
			</sg>
		</paragraph>
		<paragraph number="4" name="[causes of misjudgment">
			<sg number="1">
				<word number="1">bias</word>
				<word number="2">bigotry</word>
				<word number="3">warp</word>
				<word number="4">twist</word>
			</sg>
			<sg number="2">
				<word number="1">hobby</word>
				<word number="2">fad</word>
				<word number="3">quirk</word>
				<word number="4">crotchet</word>
				<word number="5">partiality</word>
				<word number="6">infatuation</word>
				<word number="7">blind side</word>
				<word number="8">mote in the eye</word>
			</sg>
		</paragraph>
		<paragraph number="5" name="[causes of misjudgment">
			<sg number="1">
				<word number="1">one-sided views</word>
				<word number="2">one-track mind</word>
				<word number="3">partial views</word>
				<word number="4">narrow views</word>
				<word number="5">confined views</word>
				<word number="6">superficial views</word>
				<word number="7">one-sided ideas</word>
				<word number="8">partial ideas</word>
				<word number="9">narrow ideas</word>
				<word number="10">confined ideas</word>
				<word number="11">superficial ideas</word>
				<word number="12">one-sided conceptions</word>
				<word number="13">partial conceptions</word>
				<word number="14">narrow conceptions</word>
				<word number="15">confined conceptions</word>
				<word number="16">superficial conceptions</word>
				<word number="17">one-sided notions</word>
				<word number="18">partial notions</word>
				<word number="19">narrow notions</word>
				<word number="20">confined notions</word>
				<word number="21">superficial notions</word>
			</sg>
			<sg number="2">
				<word number="1">narrow mind</word>
			</sg>
			<sg number="3">
				<word number="1" paraRef="obstinacy" headRef="633">bigotry</word>
			</sg>
			<sg number="4">
				<word number="1">odium theologicum</word>
			</sg>
			<sg number="5">
				<word number="1">pedantry</word>
			</sg>
			<sg number="6">
				<word number="1">hypercriticism</word>
			</sg>
		</paragraph>
		<paragraph number="6" name="doctrinaire">
			<sg number="1">
				<word number="1" paraRef="positive" headRef="497">doctrinaire</word>
			</sg>
		</paragraph>
		<paragraph number="7" name="[causes of misjudgment">
			<sg number="1">
				<word number="1" paraRef="overestimation" headRef="506">overestimation</word>
			</sg>
			<sg number="2">
				<word number="1" paraRef="underestimation" headRef="507">underestimation</word>
			</sg>
		</paragraph>
		<paragraph number="8" name="[causes of misjudgment">
			<sg number="1">
				<word number="1" paraRef="ignorance" headRef="515">ignorance</word>
				<word number="2">erroneous data</word>
				<word number="3">mistaken assumptions</word>
				<word number="4" paraRef="error" headRef="519">incorrect assumptions</word>
			</sg>
		</paragraph>
	</pos>
	<pos number="2" type="VB.">
		<paragraph number="1" name="misjudge">
			<sg number="1">
				<word number="1">misjudge</word>
				<word number="2">misestimate</word>
				<word number="3">misthink</word>
				<word number="4">misconjecture</word>
				<word number="5" paraRef="error" headRef="519">misconceive</word>
			</sg>
			<sg number="2">
				<word number="1">fly in the face of facts</word>
			</sg>
			<sg number="3">
				<word number="1">miscalculate</word>
				<word number="2">misreckon</word>
				<word number="3">miscompute</word>
			</sg>
		</paragraph>
		<paragraph number="2" name="overestimate">
			<sg number="1">
				<word number="1" paraRef="overestimate" headRef="506">overestimate</word>
			</sg>
			<sg number="2">
				<word number="1" paraRef="underestimate" headRef="507">underestimate</word>
			</sg>
		</paragraph>
		<paragraph number="3" name="prejudge">
			<sg number="1">
				<word number="1">prejudge</word>
				<word number="2">forejudge</word>
			</sg>
			<sg number="2">
				<word number="1">presuppose</word>
				<word number="2">presume</word>
				<word number="3">prejudicate</word>
			</sg>
			<sg number="3">
				<word number="1">dogmatize</word>
			</sg>
			<sg number="4">
				<word number="1" paraRef="" posRef="n.">have a bias</word>
			</sg>
			<sg number="5">
				<word number="1">have only one idea</word>
			</sg>
			<sg number="6">
				<word number="1">jurare in verba magistri</word>
				<word number="2">run away with the notion</word>
			</sg>
			<sg number="7">
				<word number="1">jump to a conclusion</word>
				<word number="2">rush to a conclusion</word>
				<word number="3">leap to a conclusion</word>
				<word number="4">judge hastily</word>
				<word number="5">shoot from the hip</word>
				<word number="6">jump to conclusions</word>
			</sg>
			<sg number="8">
				<word number="1">look only at one side of the shield</word>
			</sg>
			<sg number="9">
				<word number="1">view with jaundiced eye</word>
				<word number="2">view through distorting spectacles</word>
			</sg>
			<sg number="10">
				<word number="1">not see beyond one's nose</word>
			</sg>
			<sg number="11">
				<word number="1">dare pondus fumo</word>
			</sg>
			<sg number="12">
				<word number="1" paraRef="blunder" headRef="728">get the wrong sow by the ear</word>
			</sg>
		</paragraph>
		<paragraph number="4" name="give a bias">
			<sg number="1">
				<word number="1">give a bias</word>
				<word number="2">give a twist</word>
			</sg>
			<sg number="2">
				<word number="1">bias</word>
				<word number="2">warp</word>
				<word number="3">twist</word>
			</sg>
			<sg number="3">
				<word number="1">prejudice</word>
				<word number="2">prepossess</word>
			</sg>
		</paragraph>
	</pos>
	<pos number="3" type="ADJ.">
		<paragraph number="1" name="misjudging">
			<sg number="1">
				<word number="1" paraRef="" posRef="v.">misjudging</word>
			</sg>
			<sg number="2">
				<word number="1">ill-judging</word>
				<word number="2">wrong-headed</word>
			</sg>
			<sg number="3">
				<word number="1" paraRef="" posRef="v.">prejudiced</word>
			</sg>
			<sg number="4">
				<word number="1">jaundiced</word>
			</sg>
			<sg number="5">
				<word number="1">shortsighted</word>
				<word number="2">purblind</word>
			</sg>
			<sg number="6">
				<word number="1">partial</word>
				<word number="2">one-sided</word>
				<word number="3">superficial</word>
			</sg>
		</paragraph>
		<paragraph number="2" name="narrow-minded">
			<sg number="1">
				<word number="1">narrow-minded</word>
				<word number="2">narrow-souled</word>
			</sg>
			<sg number="2">
				<word number="1">mean-spirited</word>
			</sg>
			<sg number="3">
				<word number="1">confined</word>
				<word number="2">illiberal</word>
				<word number="3">intolerant</word>
				<word number="4">besotted</word>
				<word number="5">infatuated</word>
				<word number="6">fanatical</word>
				<word number="7">entete</word>
				<word number="8">positive</word>
				<word number="9">dogmatic</word>
				<word number="10">conceited</word>
			</sg>
			<sg number="4">
				<word number="1">opinative</word>
				<word number="2">opiniative</word>
			</sg>
			<sg number="5">
				<word number="1">opinioned</word>
				<word number="2">opinionate</word>
				<word number="3">opinionative</word>
				<word number="4">opinionated</word>
			</sg>
			<sg number="6">
				<word number="1">self-opinioned</word>
				<word number="2">wedded to an opinion</word>
				<word number="3">opinitre</word>
			</sg>
			<sg number="7">
				<word number="1" paraRef="obstinate" headRef="633">bigoted</word>
			</sg>
			<sg number="8">
				<word number="1">crotchety</word>
				<word number="2">fussy</word>
				<word number="3">impracticable</word>
			</sg>
			<sg number="9">
				<word number="1">unreasonable</word>
				<word number="2" paraRef="stupid" headRef="523">stupid</word>
			</sg>
			<sg number="10">
				<word number="1" paraRef="credulous" headRef="510">credulous</word>
			</sg>
			<sg number="11">
				<word number="1">warped</word>
			</sg>
		</paragraph>
		<paragraph number="3" name="misjudged">
			<sg number="1">
				<word number="1" paraRef="" posRef="v.">misjudged</word>
			</sg>
		</paragraph>
	</pos>
	<pos number="4" type="ADV.">
		<paragraph number="1" name="ex parte">
			<sg number="1">
				<word number="1">ex parte</word>
			</sg>
		</paragraph>
	</pos>
	<pos number="6" type="PHR.">
		<paragraph number="1" name="nothing like leather">
			<sg number="1">
				<word number="1">nothing like leather</word>
			</sg>
			<sg number="2">
				<word number="1">the wish the father to the thought</word>
			</sg>
			<sg number="3">
				<word number="1">wishful thinking</word>
			</sg>
			<sg number="4">
				<word number="1">unshakable conviction</word>
			</sg>
			<sg number="5">
				<word number="1">"my mind is made up - don't bother me with the facts"</word>
			</sg>
		</paragraph>
	</pos>
</head>
